"","RespondentID"
"1",4833128546
"2",4791494567
"3",4804730183
"4",4816514268
"5",4809049794
"6",4828197271
"7",4848116755
"8",4849003619
"9",4838386831
"10",4856171551
"11",4826236328
"12",4824177292
"13",4823911848
"14",4823325769
"15",4797342719
"16",4792643908
"17",4792085975
"18",4811436833
"19",4846861076
"20",4847496554
"21",4843063204
"22",4805611936
"23",4805417678
"24",4835226715
"25",4792967299
"26",4794422124
"27",4823176533
"28",4802213933
"29",4862349247
"30",4862026488
"31",4849090268
"32",4842081188
"33",4825624632
"34",4823309758
"35",4830579279
"36",4855998126
"37",4854133630
"38",4843928021
"39",4821443174
"40",4823260811
"41",4809819664
"42",4840243692
"43",4794639711
"44",4847695283
"45",4842835433
"46",4847142280
"47",4846892675
"48",4830892513
"49",4864005549
"50",4868512188
"51",4827688696
